River,R2,m,c
Ob,0.4418503150951141,-0.244876627214916,0.2941966889327312
Yenisey,0.5852642584796259,-1.1959095949658547,0.44664054892961
Lena,0.2844855386414359,0.17628698554251898,0.18062349404920106
Kolyma,0.37727120340644493,0.08559329911241098,0.17453456118093635
Yukon,0.5683759001890565,-0.9891350955970702,0.4403050398546449
Mackenzie,0.2496766398226511,0.015683059314524295,0.16136768603156598
